block,num_categories,real_frequency_entropy,max_entropy_uniform,real_entropy_ratio_of_uniform
workclass,9,1.1481068134307861,2.1972245773362196,0.5225259289711207
education,17,2.0372698307037354,2.833213344056216,0.7190668627118086
marital-status,8,1.2725940942764282,2.0794415416798357,0.611988396292395
occupation,15,2.4396770000457764,2.70805020110221,0.900897996297409
relationship,7,1.4907137155532837,1.9459101490553132,0.7660753073706845
race,6,0.5512620210647583,1.791759469228055,0.30766519197035913
sex,3,0.6346441507339478,1.0986122886681098,0.5776780009473146
native-country,42,0.653080940246582,3.7376696182833684,0.17472944560213113
income,2,0.5520285964012146,0.6931471805599453,0.7964089184569274
